name|price|date
Paki|487|13-02-22
Karen|422|19-11-21
Levi|608|03-05-22
Aristotle|85|30-12-21
Quail|558|22-01-22
Nichole|161|16-07-21
Zeus|940|26-10-21
Athena|5|30-04-22
Candice|963|08-06-22
Kirsten|32|17-09-21
Claire|998|27-06-22
Jonas|742|27-09-20
Aphrodite|995|25-06-21
Myra|345|27-03-22
Jade|381|03-06-22
Robin|690|05-01-22
Jescie|961|16-04-21
Guy|386|07-10-20
Phillip|821|13-10-21
Whilemina|642|04-10-20
Tucker|672|18-11-21
Jacqueline|480|05-05-21
Aileen|281|05-10-20
Camden|131|12-01-21
Jael|182|03-12-20
Scott|122|25-03-21
Rowan|920|20-09-21
Todd|440|02-02-21
Shay|578|21-09-21
Levi|778|18-09-20
Carlos|356|31-01-22
Samson|574|03-02-21
Kyle|223|16-09-20
Nora|103|06-07-22
Lani|944|19-03-22
Arden|803|15-07-22
Diana|682|28-09-21
Amir|951|01-08-22
Nash|123|16-12-21
Isabelle|932|20-02-21
Karina|183|16-01-22
Aristotle|470|08-03-21
Maxine|900|31-08-21
Jeanette|51|04-07-22
Chanda|506|13-10-20
Abdul|51|16-07-21
Karen|369|15-11-20
Emerald|866|15-12-21
Casey|927|27-03-22
Quentin|936|20-07-22
Cameron|752|29-11-20
Ima|451|05-04-21
Dawn|772|09-07-21
Gannon|655|01-09-20
Mohammad|164|12-03-21
Axel|969|27-04-22
Hilel|100|17-04-21
Magee|71|01-08-21
Brenda|194|10-02-21
Shellie|421|12-01-21
Dillon|761|24-10-20
Bevis|391|19-03-22
Craig|764|20-12-20
Mikayla|148|27-08-20
Hunter|394|19-07-22
Channing|188|24-06-22
Felicia|356|07-08-21
Barclay|132|27-07-21
Shafira|688|18-06-22
Yael|656|02-04-22
Warren|931|12-02-21
Lars|699|19-07-21
Dylan|273|12-08-20
Dale|145|19-01-21
Byron|186|11-02-21
Lareina|566|18-04-21
Kelly|320|04-01-21
Samantha|941|21-12-20
Paula|364|05-10-21
Liberty|339|06-09-20
Shad|369|05-11-20
Kalia|524|08-06-21
Janna|99|30-09-20
Ivy|263|06-08-21
Magee|201|27-03-22
Lareina|131|04-01-22
Vernon|403|18-10-20
Theodore|930|17-08-20
Yoshi|602|08-10-20
Hilda|776|11-12-20
India|232|25-09-20
Calista|477|10-09-20
Carly|46|24-02-21
Luke|970|11-06-21
Seth|447|17-12-20
Jillian|559|15-07-22
Madison|886|03-08-22
Hall|446|12-01-21
Peter|619|15-06-21
Beck|510|31-01-22